model,accuracy,macro_f1
TF-IDF + Logistic Regression,0.8678678678678678,0.867965459328466
Local Word2Vec + MLP,0.8441775108441775,0.8428311942293638
Pretrained GloVe + MLP,0.745412078745412,0.7427140030841234
